<?xml version="1.0" encoding="UTF-8"?><CodeSystem xmlns="http://hl7.org/fhir"><id value="VaccineProducts"/><meta><lastUpdated value="2024-05-03T19:08:20.722859Z"/></meta><language value="en"/><text><status value="generated"/><div xmlns="http://www.w3.org/1999/xhtml" xml:lang="en" lang="en"><p class="res-header-id"><b>Generated Narrative: CodeSystem VaccineProducts</b></p><a name="VaccineProducts"> </a><a name="hcVaccineProducts"> </a><a name="VaccineProducts-en-US"> </a><div style="display: inline-block; background-color: #d9e0e7; padding: 6px; margin: 4px; border: 1px solid #8da1b4; border-radius: 5px; line-height: 60%"><p style="margin-bottom: 0px">Last updated: 2024-05-03 19:08:20+0000; Language: en</p></div><p><b>Properties</b></p><p><b>This code system defines the following properties for its concepts</b></p><table class="grid"><tr><td><b>Name</b></td><td><b>Code</b></td><td><b>URI</b></td><td><b>Type</b></td><td><b>Description</b></td></tr><tr><td>conceptclass</td><td>conceptclass</td><td>https://api.qa.openconceptlab.org/orgs/OCL/sources/Classes/concepts</td><td>string</td><td>Standard list of concept classes.</td></tr><tr><td>datatype</td><td>datatype</td><td>https://api.qa.openconceptlab.org/orgs/OCL/sources/Datatypes/concepts</td><td>string</td><td>Standard list of concept datatypes.</td></tr><tr><td>inactive</td><td>inactive</td><td>http://hl7.org/fhir/concept-properties</td><td>Coding</td><td>True if the concept is not considered active.</td></tr></table><p><b>Concepts</b></p><p>This case-sensitive code system <code>http://smart.who.int/immunizations-measles/CodeSystem/VaccineProducts</code> defines the following codes:</p><table class="codes"><tr><td style="white-space:nowrap"><b>Code</b></td><td><b>Display</b></td><td><b>inactive</b></td></tr><tr style="background-color: #ffeeee"><td style="white-space:nowrap">1<a name="VaccineProducts-1"> </a></td><td>Serum Institute of India Measles vaccine</td><td>true</td></tr><tr><td style="white-space:nowrap">7680007030014<a name="VaccineProducts-7680007030014"> </a></td><td>M-M-RvaxPRO</td><td/></tr><tr><td style="white-space:nowrap">20009060%2F2<a name="VaccineProducts-20009060.372F2"> </a></td><td>Serum Institute of India Measles vaccine</td><td/></tr></table></div></text><url value="http://smart.who.int/immunizations-measles/CodeSystem/VaccineProducts"/><identifier><type><coding><system value="http://hl7.org/fhir/v2/0203"/><code value="ACSN"/><display value="Accession ID"/></coding><text value="Accession ID"/></type><system value="https://api.qa.openconceptlab.org"/><value value="/orgs/WHO-Smart-Guidelines/CodeSystem/VaccineProducts/"/></identifier><version value="0.1.0"/><name value="VaccineProducts"/><title value="Vaccine Product codes CodeSet"/><status value="active"/><experimental value="true"/><date value="2024-08-23T18:53:53+00:00"/><publisher value="WHO"/><contact><name value="WHO"/><telecom><system value="url"/><value value="http://who.int"/></telecom></contact><description value="0.1.0"/><caseSensitive value="true"/><content value="complete"/><count value="3"/><property><code value="conceptclass"/><uri value="https://api.qa.openconceptlab.org/orgs/OCL/sources/Classes/concepts"/><description value="Standard list of concept classes."/><type value="string"/></property><property><code value="datatype"/><uri value="https://api.qa.openconceptlab.org/orgs/OCL/sources/Datatypes/concepts"/><description value="Standard list of concept datatypes."/><type value="string"/></property><property><code value="inactive"/><uri value="http://hl7.org/fhir/concept-properties"/><description value="True if the concept is not considered active."/><type value="Coding"/></property><concept><code value="1"/><display value="Serum Institute of India Measles vaccine"/><designation><language value="en"/><value value="Serum Institute of India Measles vaccine"/></designation><property><code value="conceptclass"/><valueString value="Drug"/></property><property><code value="datatype"/><valueString value="None"/></property><property><code value="inactive"/><valueBoolean value="true"/></property></concept><concept><code value="7680007030014"/><display value="M-M-RvaxPRO"/><designation><language value="en"/><value value="M-M-RvaxPRO"/></designation><property><code value="conceptclass"/><valueString value="Drug"/></property><property><code value="datatype"/><valueString value="None"/></property></concept><concept><code value="20009060%2F2"/><display value="Serum Institute of India Measles vaccine"/><designation><language value="en"/><value value="Serum Institute of India Measles vaccine"/></designation><property><code value="conceptclass"/><valueString value="Drug"/></property><property><code value="datatype"/><valueString value="None"/></property></concept></CodeSystem>