<?xml version="1.0" encoding="UTF-8"?><ValueSet xmlns="http://hl7.org/fhir"><id value="VSMeaslesVaccineProducts"/><meta><lastUpdated value="2024-02-23T20:44:52.861018Z"/></meta><text><status value="generated"/><div xmlns="http://www.w3.org/1999/xhtml"><p class="res-header-id"><b>Generated Narrative: ValueSet VSMeaslesVaccineProducts</b></p><a name="VSMeaslesVaccineProducts"> </a><a name="hcVSMeaslesVaccineProducts"> </a><a name="VSMeaslesVaccineProducts-en-US"> </a><div style="display: inline-block; background-color: #d9e0e7; padding: 6px; margin: 4px; border: 1px solid #8da1b4; border-radius: 5px; line-height: 60%"><p style="margin-bottom: 0px">Last updated: 2024-02-23 20:44:52+0000</p></div><ul><li>Include all codes defined in <a href="CodeSystem-VaccineProducts.html"><code>http://smart.who.int/immunizations-measles/CodeSystem/VaccineProducts</code></a></li></ul></div></text><url value="http://smart.who.int/immunizations-measles/ValueSet/VSMeaslesVaccineProducts"/><identifier><type><coding><system value="http://hl7.org/fhir/v2/0203"/><code value="ACSN"/><display value="Accession ID"/></coding><text value="Accession ID"/></type><system value="https://api.staging.openconceptlab.org"/><value value="/orgs/WHO-Smart-Guidelines/ValueSet/VSMeaslesVaccineProducts/"/></identifier><version value="0.1.0"/><name value="VSMeaslesVaccineProducts"/><title value="MeaslesVaccine Products ValueSet - OCL"/><status value="active"/><date value="2024-02-23T20:44:52.851603Z"/><publisher value="WHO"/><contact><name value="WHO"/><telecom><system value="url"/><value value="http://who.int"/></telecom></contact><description value="0.1.0"/><compose><include><system value="http://smart.who.int/immunizations-measles/CodeSystem/VaccineProducts"/></include></compose></ValueSet>