[
  {
    "id" : "VaccineProducts",
    "type" : "CodeSystem",
    "url" : "http://smart.who.int/immunizations-measles/CodeSystem/VaccineProducts",
    "version" : "0.1.0",
    "name" : "VaccineProducts"
  },
  {
    "id" : "VSMeaslesVaccineProducts",
    "type" : "ValueSet",
    "url" : "http://smart.who.int/immunizations-measles/ValueSet/VSMeaslesVaccineProducts",
    "version" : "0.1.0",
    "name" : "VSMeaslesVaccineProducts"
  },
  {
    "id" : "who.fhir.smart-measles-catopia",
    "type" : "ImplementationGuide",
    "url" : "http://worldhealthorganization.github.io/smart/ImplementationGuide/who.fhir.smart-measles-catopia",
    "version" : "0.1.0",
    "name" : "SMART"
  },
  {
    "id" : "CatMeaslesImmunization",
    "type" : "StructureDefinition",
    "url" : "http://worldhealthorganization.github.io/smart/StructureDefinition/CatMeaslesImmunization",
    "version" : "0.1.0",
    "name" : "CatMeaslesImmunization"
  }
]
