{
  "resourceType" : "Bundle",
  "id" : "e66d9d90-41e0-4838-9995-6f19655292c2",
  "meta" : {
    "lastUpdated" : "2024-03-20T15:10:16.478+00:00"
  },
  "type" : "collection",
  "entry" : [{
    "fullUrl" : "http://smart.who.int/immunizations-measles/ValueSet/VSMeaslesVaccineProducts",
    "resource" : {
      "resourceType" : "ValueSet",
      "meta" : {
        "lastUpdated" : "2024-02-23T20:44:52.861018Z"
      },
      "text" : {
        "status" : "generated",
        "div" : "<div xmlns=\"http://www.w3.org/1999/xhtml\"><p style=\"border: black 1px dotted; background-color: #EEEEEE; padding: 8px; margin-bottom: 8px\">Expansion based on <a href=\"CodeSystem-VaccineProducts.html\">codesystem Vaccine Product codes CodeSet v0.1.0 (CodeSystem)</a></p><p>This value set contains 3 concepts.</p><table class=\"codes\"><tr><td style=\"white-space:nowrap\"><b>Code</b></td><td><b>System</b></td><td><b>Display</b></td></tr><tr><td style=\"white-space:nowrap\"><a name=\"http---smart.who.int-immunizations-measles-CodeSystem-VaccineProducts-7680007030014\"> </a>\u00a0\u00a0<a href=\"CodeSystem-VaccineProducts.html#VaccineProducts-7680007030014\">7680007030014</a></td><td>http://smart.who.int/immunizations-measles/CodeSystem/VaccineProducts</td><td>M-M-RvaxPRO</td></tr><tr><td style=\"white-space:nowrap\"><a name=\"http---smart.who.int-immunizations-measles-CodeSystem-VaccineProducts-20009060-2F2\"> </a>\u00a0\u00a0<a href=\"CodeSystem-VaccineProducts.html#VaccineProducts-20009060.372F2\">20009060%2F2</a></td><td>http://smart.who.int/immunizations-measles/CodeSystem/VaccineProducts</td><td>Serum Institute of India Measles vaccine</td></tr><tr><td style=\"white-space:nowrap\"><a name=\"http---smart.who.int-immunizations-measles-CodeSystem-VaccineProducts-1\"> </a>\u00a0\u00a0<a href=\"CodeSystem-VaccineProducts.html#VaccineProducts-1\">1</a></td><td>http://smart.who.int/immunizations-measles/CodeSystem/VaccineProducts</td><td>Serum Institute of India Measles vaccine</td></tr></table></div>"
      },
      "url" : "http://smart.who.int/immunizations-measles/ValueSet/VSMeaslesVaccineProducts",
      "identifier" : [{
        "type" : {
          "coding" : [{
            "system" : "http://hl7.org/fhir/v2/0203",
            "code" : "ACSN",
            "display" : "Accession ID"
          }],
          "text" : "Accession ID"
        },
        "system" : "https://api.staging.openconceptlab.org",
        "value" : "/orgs/WHO-Smart-Guidelines/ValueSet/VSMeaslesVaccineProducts/"
      }],
      "version" : "0.1.0",
      "name" : "VSMeaslesVaccineProducts",
      "title" : "MeaslesVaccine Products ValueSet - OCL",
      "status" : "active",
      "date" : "2024-02-23T20:44:52.851603Z",
      "expansion" : {
        "identifier" : "urn:uuid:8970195b-a604-4f3a-8124-d274d0b40d19",
        "timestamp" : "2024-03-20T15:10:46+00:00",
        "total" : 3,
        "offset" : 0,
        "parameter" : [{
          "name" : "count",
          "valueInteger" : 1000
        },
        {
          "name" : "offset",
          "valueInteger" : 0
        },
        {
          "name" : "excludeNested",
          "valueBoolean" : false
        },
        {
          "name" : "warning-experimental",
          "valueUri" : "http://smart.who.int/immunizations-measles/CodeSystem/VaccineProducts|0.1.0"
        },
        {
          "name" : "used-codesystem",
          "valueUri" : "http://smart.who.int/immunizations-measles/CodeSystem/VaccineProducts|0.1.0"
        }],
        "contains" : [{
          "system" : "http://smart.who.int/immunizations-measles/CodeSystem/VaccineProducts",
          "code" : "7680007030014",
          "display" : "M-M-RvaxPRO"
        },
        {
          "system" : "http://smart.who.int/immunizations-measles/CodeSystem/VaccineProducts",
          "code" : "20009060%2F2",
          "display" : "Serum Institute of India Measles vaccine"
        },
        {
          "system" : "http://smart.who.int/immunizations-measles/CodeSystem/VaccineProducts",
          "code" : "1",
          "display" : "Serum Institute of India Measles vaccine"
        }]
      }
    }
  }]
}